run_id,tokenization,position_encoding,num_tokens,feature_dim,parameter_count,rope_base,rope_time_axis_only,n_train,n_val,n_test,epochs_completed,best_epoch,best_val_rmse_scaled,test_rmse_ms,test_mae_ms,test_bias_ms,test_r2,test_median_abs_error_ms,test_rmse_ms_pileup_only,test_mae_ms_pileup_only,test_bias_ms_pileup_only,test_r2_pileup,test_rmse_ms_clean,test_mae_ms_clean,test_bias_ms_clean,test_frac_within_100ms,test_frac_within_250ms,training_seconds,minutes_per_epoch,evaluation_seconds,d_model,dim_feedforward,dropout,dt_scale,gpu_name,hostname,nhead,num_frequencies,num_layers,patch_size,seed,slurm_array_task_id,slurm_job_id,split_seed,stopped_early,task,test_ers_DEGENERATE,test_frac_res68_DEGENERATE,test_rmse_scaled,token_count,torch_version,train_weight_sum
regression__raw_patches__fourier_coordinates_seed4,raw_patches,fourier_coordinates,500,20,114561,,,7650,1350,1000,19,14,0.14911821499116787,564.2426273909593,189.43409720777615,29.14120183377033,0.9298841176355819,96.32415303796463,717.3634580773187,253.6294182367133,-71.50830057465753,0.865157299392758,357.1386655201436,127.011428041571,127.011428041571,0.528,0.895,32.614,0.0286,1.138,64,256,0.1,3000.0,NVIDIA L40S,gpu-n61.crc.pitt.edu,4,6,2,20,4,1,3642819,4,True,regression,0.0,16039.144103529878,0.18808087579698643,500,2.5.1.post303,7650.0
regression__pulse_entities__rope_base4_seed4,pulse_entities,rope,500,2,106689,4.0,False,7650,1350,1000,41,36,0.16481682045741236,584.8959514008793,177.71239114250014,36.59985978393322,0.9246571840635239,65.42538106441498,721.4540426601468,254.9521752229824,-31.280139905956535,0.8636151017671273,410.65392043164246,102.60546106029544,102.60546106029544,0.682,0.893,178.454,0.0725,1.328,64,256,0.1,3000.0,NVIDIA L40S,gpu-n64.crc.pitt.edu,4,6,2,20,4,8,3642651,4,True,regression,0.0,10268.470413861856,0.19496531713362644,500,2.5.1.post303,7650.0
regression__segment_summary__fourier_coordinates_seed3,segment_summary,fourier_coordinates,500,2,113409,,,7650,1350,1000,28,23,0.1722836360356123,547.7388710161603,189.24583329885948,-6.0103212981068515,0.9339258260904479,95.01670732589832,723.5936203343649,267.86259933308196,-128.1945093828741,0.8628049634549751,287.4396299517995,112.79994443323486,112.79994443323486,0.537,0.885,37.738,0.0225,1.219,64,256,0.1,3000.0,NVIDIA L40S,gpu-n60.crc.pitt.edu,4,6,2,20,3,4,3642867,3,True,regression,0.0,15447.12943486782,0.1825796236720534,500,2.5.1.post303,7650.0
regression__raw_patches__rope_seed4,raw_patches,rope,500,20,107841,8.0,False,7650,1350,1000,26,21,0.17065898737225335,615.3563412231806,233.05577490664888,69.45471815070574,0.9166053907411498,142.96864170950357,734.9530546307186,276.1397352461009,-55.708250060071705,0.8584636016925505,470.7761906131343,191.1615097244992,191.1615097244992,0.217,0.875,103.99,0.0667,1.263,64,256,0.1,3000.0,NVIDIA L40S,gpu-n60.crc.pitt.edu,4,6,2,20,4,2,3642820,4,True,regression,0.0,24038.4549987636,0.20511878040772685,500,2.5.1.post303,7650.0
regression__segment_summary__rope_seed1,segment_summary,rope,500,2,106689,8.0,False,7650,1350,1000,34,29,0.19292362780373679,603.8497417155247,246.73335701818183,97.74057567356593,0.9196950368362891,134.0915523469448,739.1624756605468,314.4428397046084,12.226244685103508,0.8568376680044252,433.50426612508346,180.89356418897415,180.89356418897415,0.343,0.807,141.66,0.0694,1.495,64,256,0.1,3000.0,NVIDIA L40S,gpu-n64.crc.pitt.edu,4,6,2,20,1,5,3642657,1,True,regression,0.0,24046.062996614997,0.20128324723850824,500,2.5.1.post303,7650.0
regression__raw_patches__rope_base4,raw_patches,rope,500,20,107841,4.0,False,7650,1350,1000,46,41,0.1879672179438269,578.2153600278007,202.5679595914152,20.501413452014983,0.9263684630014843,84.95838643907018,740.7375093247512,282.4870004155143,-86.50034428310674,0.8562269072149616,354.81422234503935,124.85575618652197,124.54848754159092,0.591,0.843,215.804,0.0782,1.119,64,256,0.1,3000.0,NVIDIA L40S,gpu-n58.crc.pitt.edu,4,6,2,20,,2,3641995,,True,regression,0.0,14891.91317423802,0.1927384533426002,500,2.5.1.post303,7650.0
regression__raw_patches__rope,raw_patches,rope,500,20,107841,8.0,False,7650,1350,1000,23,18,0.19059266572980763,575.8772715405707,174.72839409011442,-31.26264177025789,0.9269627363162364,52.682094275951385,748.975586239781,278.9700914599558,-96.66473774654135,0.8530111931935055,329.60190107024295,73.36516568117594,32.3334791692051,0.689,0.873,92.304,0.0669,1.24,64,256,0.1,3000.0,NVIDIA L40S,gpu-n55.crc.pitt.edu,4,6,2,20,,2,3641606,,True,regression,0.0,5018.37827790907,0.19195909051352358,500,2.5.1.post303,7650.0
regression__segment_summary__rope_base32,segment_summary,rope,500,2,106689,32.0,False,7650,1350,1000,26,21,0.1973592089862472,574.6403307154966,229.77654564905092,76.39961043609745,0.927276156390061,97.26865589618683,756.2258788626698,338.5361409106296,27.426738855957367,0.8501516338824249,308.5752166417756,124.02017392526717,124.02017392526717,0.507,0.79,102.706,0.0658,1.108,64,256,0.1,3000.0,NVIDIA L40S,gpu-n58.crc.pitt.edu,4,6,2,20,,5,3642003,,True,regression,0.0,14590.472971012832,0.19154677690516553,500,2.5.1.post303,7650.0
regression__raw_patches__rope_timeonly,raw_patches,rope,500,20,107841,8.0,True,7650,1350,1000,25,20,0.20014355416250448,555.3413678975046,238.83110368604088,45.63489783792263,0.932078906564996,143.85030992115298,757.8192747728145,309.2584477518083,-82.62026593605827,0.8495194965100822,223.2936112141648,170.34849890414074,170.34849890414074,0.203,0.843,99.627,0.0664,1.115,64,256,0.1,3000.0,NVIDIA L40S,gpu-n58.crc.pitt.edu,4,6,2,20,,2,3642004,,True,regression,0.0,23178.061402928506,0.18511378929916822,500,2.5.1.post303,7650.0
regression__raw_patches__fourier_coordinates,raw_patches,fourier_coordinates,500,20,114561,,,7650,1350,1000,14,9,0.18969706700823788,559.9991789893479,213.318580266453,6.607632110402643,0.9309347802382846,116.1038987338543,761.0317008286415,287.3464585128735,-131.94552557647822,0.848241006774539,235.29175469844088,141.33486433847415,141.33486433847415,0.341,0.857,25.557,0.0304,1.048,64,256,0.1,3000.0,NVIDIA L40S,gpu-n55.crc.pitt.edu,4,6,2,20,,1,3641605,,True,regression,0.0,20291.981910707807,0.18666639299644927,500,2.5.1.post303,7650.0
regression__raw_patches__fourier_coordinates_seed3,raw_patches,fourier_coordinates,500,20,114561,,,7650,1350,1000,13,8,0.18187289685983413,573.8830657083664,247.62331450317626,-16.249918577685303,0.9274677020661624,123.35660308599472,761.5139971917746,350.3379723611904,-184.90185133224077,0.8480485942822921,292.7436496725552,147.74495883453528,147.74495883453528,0.378,0.75,25.491,0.0327,1.319,64,256,0.1,3000.0,NVIDIA L40S,gpu-n71.crc.pitt.edu,4,6,2,20,3,1,3642798,3,True,regression,0.0,18141.564897391494,0.19129435523612215,500,2.5.1.post303,7650.0
regression__pulse_entities__rope_seed4,pulse_entities,rope,500,2,106689,8.0,False,7650,1350,1000,22,17,0.193601619442933,560.1994014012021,170.2025502534451,-27.25712501765723,0.9308853841766382,35.55005461619487,765.395965473955,302.14134033721353,-87.2098150450655,0.8464954408786749,222.09640494382256,41.9070403692285,31.040066665798953,0.677,0.866,93.533,0.0709,1.169,64,256,0.1,3000.0,NVIDIA L40S,gpu-n61.crc.pitt.edu,4,6,2,20,4,8,3642650,4,True,regression,0.0,2492.2216907832135,0.18673313380040069,500,2.5.1.post303,7650.0
regression__segment_summary__rope_base4_seed4,segment_summary,rope,500,2,106689,4.0,False,7650,1350,1000,26,21,0.17330152826030715,585.1027468680435,190.99622872256438,32.013699541375686,0.9246038983223344,64.61349414742767,769.9805671991672,292.70047488474546,-27.865749127269893,0.8446509969667342,314.2263847335721,92.1003838350787,90.23967230990088,0.64,0.845,105.401,0.0676,1.371,64,256,0.1,3000.0,NVIDIA L40S,gpu-n71.crc.pitt.edu,4,6,2,20,4,5,3642827,4,True,regression,0.0,9306.742109964707,0.19503424895601448,500,2.5.1.post303,7650.0
regression__raw_patches__fourier_coordinates_seed1,raw_patches,fourier_coordinates,500,20,114561,,,7650,1350,1000,29,24,0.18615224614098444,586.2921914971955,167.1548898090888,-25.630334069445077,0.924297044038801,56.954594212129905,773.8463096406061,260.54421069151505,-91.1321918645494,0.8430871996841259,309.3268925579716,76.34436674195634,38.06279392461099,0.673,0.889,108.171,0.0622,3.977,64,256,0.1,3000.0,NVIDIA L40S,gpu-n64.crc.pitt.edu,4,6,2,20,1,1,3642653,1,True,regression,0.0,7653.536700821401,0.19543073049906518,500,2.5.1.post303,7650.0
regression__raw_patches__rope_base4_seed4,raw_patches,rope,500,20,107841,4.0,False,7650,1350,1000,24,19,0.1761636387171954,590.3621517273635,214.65259047429078,35.11853426186805,0.9232423568148327,83.91181379556656,781.7445211794605,324.94703777412116,-39.044127339492114,0.8398678134903593,305.25668530728643,107.40374921429792,107.2333117164451,0.57,0.829,104.704,0.0727,1.17,64,256,0.1,3000.0,NVIDIA L40S,gpu-n64.crc.pitt.edu,4,6,2,20,4,2,3642768,4,True,regression,0.0,12769.764521168716,0.1967873839091212,500,2.5.1.post303,7650.0
regression__segment_summary__fourier_coordinates_seed2,segment_summary,fourier_coordinates,500,2,113409,,,7650,1350,1000,19,14,0.19310366786880273,578.3232081792488,194.15794403995736,-95.81629566238755,0.9263409930784119,80.7421077042818,781.9890727943467,291.65628140908194,-157.22706240950436,0.839767610140007,255.0663235234152,99.35186845222874,-36.101289732745414,0.713,0.871,32.509,0.0285,1.12,64,256,0.1,3000.0,NVIDIA L40S,gpu-n60.crc.pitt.edu,4,6,2,20,2,4,3642852,2,True,regression,0.0,12679.690692953303,0.19277440272641624,500,2.5.1.post303,7650.0
regression__segment_summary__fourier_coordinates,segment_summary,fourier_coordinates,500,2,113409,,,7650,1350,1000,17,12,0.19315447946824446,622.9937245865325,215.04518566113128,54.068644801662025,0.91452247050219,106.88906349241734,782.2500180593411,290.3153074315912,-36.209116218447825,0.8396606550402995,412.92491385524556,141.85352879163077,141.85352879163077,0.353,0.879,28.108,0.0276,1.157,64,256,0.1,3000.0,NVIDIA L40S,gpu-n55.crc.pitt.edu,4,6,2,20,,4,3641608,,True,regression,0.0,17529.646181863292,0.2076645748621775,500,2.5.1.post303,7650.0
regression__pulse_entities__rope_base4,pulse_entities,rope,500,2,106689,4.0,False,7650,1350,1000,25,20,0.208307845054634,579.4481115167481,258.91018454296164,25.355351193383992,0.9260541643749544,136.99514892311527,782.8095928864598,360.4708391760025,-113.27121629981423,0.8394311786580998,257.64148214350496,160.15396613252938,160.15396613252938,0.154,0.802,102.652,0.0684,1.021,64,256,0.1,3000.0,NVIDIA L40S,gpu-n58.crc.pitt.edu,4,6,2,20,,8,3641994,,True,regression,0.0,22040.70207603568,0.19314937050558267,500,2.5.1.post303,7650.0
regression__pulse_entities__rope_base32,pulse_entities,rope,500,2,106689,32.0,False,7650,1350,1000,29,24,0.21271959567889534,599.7639967421526,257.8138501094361,45.02974096922642,0.9207780731257114,114.8156225681305,789.7981933160205,377.8706915453087,-53.74007750176986,0.8365513969189627,320.849239879215,141.07218772701964,141.07218772701964,0.435,0.765,113.844,0.0654,1.357,64,256,0.1,3000.0,NVIDIA L40S,gpu-n58.crc.pitt.edu,4,6,2,20,,8,3641998,,True,regression,0.0,17469.005042783734,0.1999213322473842,500,2.5.1.post303,7650.0
regression__segment_summary__rope_seed3,segment_summary,rope,500,2,106689,8.0,False,7650,1350,1000,25,20,0.1776751640863352,586.7467507939086,160.54226304434908,-6.276727405800764,0.9241796117320586,33.84377807378769,790.63863846938,268.91292436355775,-69.44542840156292,0.836203351869603,266.812536940291,55.16408546965503,55.147670209407806,0.73,0.893,101.399,0.0676,1.269,64,256,0.1,3000.0,NVIDIA L40S,gpu-n60.crc.pitt.edu,4,6,2,20,3,5,3642876,3,True,regression,0.0,4333.873064761955,0.19558225026463621,500,2.5.1.post303,7650.0
regression__segment_summary__fourier_coordinates_seed1,segment_summary,fourier_coordinates,500,2,113409,,,7650,1350,1000,16,11,0.1827800201795349,634.4629165646284,265.38310009031505,8.295722621069013,0.9113462513609997,154.06218331999708,792.0542876427537,329.62979694769723,-191.84561374042863,0.8356162665208487,428.8870169586909,202.9104737575943,202.9104737575943,0.182,0.787,51.827,0.054,1.29,64,256,0.1,3000.0,NVIDIA L40S,gpu-n64.crc.pitt.edu,4,6,2,20,1,4,3642656,1,True,regression,0.0,26782.879689477948,0.2114876388548761,500,2.5.1.post303,7650.0
regression__segment_summary__rope_seed4,segment_summary,rope,500,2,106689,8.0,False,7650,1350,1000,24,19,0.16404631861210786,607.6882076300769,173.49810516928702,7.034414614126733,0.9186708496733584,36.03679679999209,792.6810700622945,280.7671892916025,-56.88735544503088,0.8353559974895604,342.60782355809283,69.19108648624646,69.19108648624646,0.715,0.881,117.312,0.0815,1.433,64,256,0.1,3000.0,NVIDIA L40S,gpu-n64.crc.pitt.edu,4,6,2,20,4,5,3642872,4,True,regression,0.0,3902.1357975024453,0.20256273587669232,500,2.5.1.post303,7650.0
regression__pulse_entities__fourier_coordinates_seed1,pulse_entities,fourier_coordinates,500,2,113409,,,7650,1350,1000,21,16,0.17586194442680667,589.7126280975907,179.74821147399788,22.874547940254867,0.9234111632900878,41.77898878715473,795.8791380148448,299.19369316780427,-5.695170765321958,0.8340248066867466,264.54958853445856,63.601027105069726,50.65535922595382,0.654,0.848,45.271,0.0359,1.367,64,256,0.1,3000.0,NVIDIA L40S,gpu-n64.crc.pitt.edu,4,6,2,20,1,7,3642659,1,True,regression,0.0,4210.558821631037,0.19657087603253026,500,2.5.1.post303,7650.0
regression__pulse_entities__fourier_coordinates,pulse_entities,fourier_coordinates,500,2,113409,,,7650,1350,1000,24,19,0.18281502892335083,612.057642051142,177.5573726276854,-40.26831323416466,0.9174970899793022,46.64258658885956,797.6644077056469,293.00426554603285,-148.83282545163462,0.8332793597939236,346.6781871594502,65.29836235402604,65.29836235402604,0.649,0.871,104.352,0.0725,3.53,64,256,0.1,3000.0,NVIDIA L40S,gpu-n73.crc.pitt.edu,4,6,2,20,,7,3641611,,True,regression,0.0,6080.57247657945,0.20401921401704734,500,2.5.1.post303,7650.0
regression__segment_summary__rope_base4_seed3,segment_summary,rope,500,2,106689,4.0,False,7650,1350,1000,24,19,0.17726424888988995,584.9303766461377,188.67130868989614,25.230168486521297,0.9246483148920432,60.310364244412995,799.2817283566301,321.7763746477605,-7.842250405320172,0.8326025987663201,231.5791933250368,59.24172778806743,57.38934504209891,0.612,0.848,100.248,0.0696,1.131,64,256,0.1,3000.0,NVIDIA L40S,gpu-n61.crc.pitt.edu,4,6,2,20,3,5,3642815,3,True,regression,0.0,7144.484169684444,0.1949767922153792,500,2.5.1.post303,7650.0
regression__pulse_entities__rope_base4_seed1,pulse_entities,rope,500,2,106689,4.0,False,7650,1350,1000,19,14,0.23222921757701676,678.718920664789,247.6756374553627,86.02930175004965,0.8985470850153034,37.82239928841591,804.5567047493704,401.6872327390973,73.80419885408092,0.8303857805677499,528.3572250421373,97.91682784021253,97.91682784021253,0.593,0.74,113.82,0.0998,1.926,64,256,0.1,3000.0,NVIDIA L40S,gpu-n71.crc.pitt.edu,4,6,2,20,1,8,3642645,1,True,regression,0.0,4467.729909922546,0.22623964022159632,500,2.5.1.post303,7650.0
regression__pulse_entities__rope_timeonly,pulse_entities,rope,500,2,106689,8.0,True,7650,1350,1000,21,16,0.21125075392579754,595.1468838076488,260.92890744712946,49.845565632492956,0.9219931132802778,158.336928114295,805.0683425187905,326.2636099082642,-101.8973268354204,0.8301699881108627,261.4978871085755,197.3983190578998,197.3983190578998,0.251,0.799,85.263,0.0677,1.283,64,256,0.1,3000.0,NVIDIA L40S,gpu-n58.crc.pitt.edu,4,6,2,20,,8,3641999,,True,regression,0.0,29959.030361351488,0.1983822946025496,500,2.5.1.post303,7650.0
regression__raw_patches__rope_seed2,raw_patches,rope,500,20,107841,8.0,False,7650,1350,1000,20,15,0.1940272354070386,573.9512522626557,182.32412049988216,21.099638900295556,0.9274504650310157,41.063062626788906,806.0587650737334,335.4668443465995,9.289517633240427,0.8297518697220999,133.99335206094557,33.41018981658495,32.5836424203314,0.619,0.834,99.913,0.0833,2.177,64,256,0.1,3000.0,NVIDIA L40S,gpu-n64.crc.pitt.edu,4,6,2,20,2,2,3642829,2,True,regression,0.0,2684.9096047862417,0.19131708408755188,500,2.5.1.post303,7650.0
regression__raw_patches__rope_base4_seed1,raw_patches,rope,500,20,107841,4.0,False,7650,1350,1000,30,25,0.19591242263734854,605.5097056575913,269.993606561742,29.936559217557967,0.9192529183510187,132.8793260530647,806.1638724238951,384.8041904254162,-102.12694009017014,0.8297074672608922,302.00255484769207,158.35333467852433,158.35333467852433,0.224,0.776,125.884,0.0699,2.162,64,256,0.1,3000.0,NVIDIA L40S,gpu-n64.crc.pitt.edu,4,6,2,20,1,2,3642660,1,True,regression,0.0,21415.599400159404,0.2018365685525305,500,2.5.1.post303,7650.0
regression__raw_patches__coordinate_mlp_seed3,raw_patches,coordinate_mlp,500,20,112257,,,7650,1350,1000,26,21,0.19023901393039006,588.560424752057,196.02771152489504,-32.620765273883286,0.9237101553772403,39.80271029380799,807.6144229078778,345.6489738615064,-98.17940860687345,0.829094092841754,221.3840849788341,50.53800278337749,31.127580215592356,0.636,0.823,54.087,0.0347,1.101,64,256,0.1,3000.0,NVIDIA L40S,gpu-n60.crc.pitt.edu,4,6,2,20,3,0,3642732,3,True,regression,0.0,3501.0555344593604,0.19618680825068563,500,2.5.1.post303,7650.0
regression__pulse_entities__fourier_coordinates_seed3,pulse_entities,fourier_coordinates,500,2,113409,,,7650,1350,1000,19,14,0.18839172409293398,639.3743957568224,232.54241395989186,51.837345118210365,0.9099683729621306,106.54470138251781,809.3154782379262,328.9613017511199,-37.580420037280604,0.8283733861180496,411.58946986755547,138.78598066388503,138.78598066388503,0.41,0.823,73.716,0.0647,2.713,64,256,0.1,3000.0,NVIDIA L40S,gpu-n65.crc.pitt.edu,4,6,2,20,3,7,3642890,3,True,regression,0.0,16968.779308188776,0.21312479858560748,500,2.5.1.post303,7650.0
regression__raw_patches__rope_base16,raw_patches,rope,500,20,107841,16.0,False,7650,1350,1000,23,18,0.20498997909827588,584.9062729525334,210.02178738527832,-62.34249485047096,0.9246545249183336,69.20050084590912,809.9652850723185,354.46037054894776,-196.3674180750962,0.8280976743059189,191.9780403761417,69.57164636025063,67.98154292021982,0.608,0.837,91.706,0.0665,1.01,64,256,0.1,3000.0,NVIDIA L40S,gpu-n58.crc.pitt.edu,4,6,2,20,,2,3642000,,True,regression,0.0,9490.252689146393,0.19496875765084445,500,2.5.1.post303,7650.0
regression__raw_patches__rope_seed3,raw_patches,rope,500,20,107841,8.0,False,7650,1350,1000,19,14,0.19073311345090813,638.8528776514235,291.0674367281866,129.28023723004824,0.9101151851421556,188.51341531517483,814.7235767333904,345.2162067746438,17.04744511513402,0.8260719972771394,399.43788804132396,238.41389899070447,238.41389899070447,0.202,0.694,116.525,0.1022,1.491,64,256,0.1,3000.0,NVIDIA L40S,gpu-n64.crc.pitt.edu,4,6,2,20,3,2,3642834,3,True,regression,0.0,37601.69319196877,0.21295095921714113,500,2.5.1.post303,7650.0
regression__pulse_entities__fourier_coordinates_seed2,pulse_entities,fourier_coordinates,500,2,113409,,,7650,1350,1000,16,11,0.1955942210579783,588.5367924673419,206.39977726140327,19.42604397474295,0.9237162817393179,72.4928230047226,815.7827384718879,335.0838253623151,-44.17324012786805,0.8256194815159377,189.89942437239165,81.26913482797217,81.26913482797217,0.587,0.83,27.833,0.029,1.195,64,256,0.1,3000.0,NVIDIA L40S,gpu-n60.crc.pitt.edu,4,6,2,20,2,7,3642866,2,True,regression,0.0,9412.460409248564,0.1961789308224473,500,2.5.1.post303,7650.0
regression__segment_summary__rope_base4,segment_summary,rope,500,2,106689,4.0,False,7650,1350,1000,20,15,0.20657737678714078,605.693500157882,227.78851260314883,-31.26679041698137,0.9192038914840398,84.48543304195982,818.3293127089006,362.1861034400731,-163.2810426453837,0.8245290783211234,269.12387681131554,97.10209784456171,97.10209784456171,0.572,0.816,125.04,0.1042,2.286,64,256,0.1,3000.0,NVIDIA L40S,gpu-n58.crc.pitt.edu,4,6,2,20,,5,3641996,,True,regression,0.0,12752.583493724847,0.20189783338596068,500,2.5.1.post303,7650.0
regression__raw_patches__rope_base32,raw_patches,rope,500,20,107841,32.0,False,7650,1350,1000,14,9,0.21472553841080833,607.216486881106,306.8221205748222,69.57582857696778,0.9187970649161661,175.80528718180585,821.8327451889627,409.53219135946904,-71.69760985321727,0.8230234095100208,265.4875119558037,206.94822531480057,206.94822531480057,0.143,0.715,59.664,0.071,1.073,64,256,0.1,3000.0,NVIDIA L40S,gpu-n58.crc.pitt.edu,4,6,2,20,,2,3642002,,True,regression,0.0,29468.857874076664,0.20240549562703533,500,2.5.1.post303,7650.0
regression__segment_summary__fourier_coordinates_seed4,segment_summary,fourier_coordinates,500,2,113409,,,7650,1350,1000,12,7,0.17246169298971314,592.5388116412811,220.61257272027152,87.05047079040175,0.922675303906544,92.62818608475982,822.0082795853664,335.9283176014562,65.01127514735933,0.8229478009466175,188.33496916656802,108.48108903896174,108.48108903896174,0.558,0.843,25.389,0.0353,1.193,64,256,0.1,3000.0,NVIDIA L40S,gpu-n61.crc.pitt.edu,4,6,2,20,4,4,3642857,4,True,regression,0.0,14239.034578389052,0.19751293721376037,500,2.5.1.post303,7650.0
regression__raw_patches__rope_base4_seed2,raw_patches,rope,500,20,107841,4.0,False,7650,1350,1000,14,9,0.19999766329324387,612.5295062830522,219.45176673404464,-54.36776878820295,0.9173698301392198,62.63125933999572,822.22651024629,367.63558103227973,-187.37732745513463,0.822853779150716,287.46519909612203,75.3598131856622,74.96894210488838,0.598,0.777,95.394,0.1136,1.887,64,256,0.1,3000.0,NVIDIA L40S,gpu-n61.crc.pitt.edu,4,6,2,20,2,2,3642694,2,True,regression,0.0,7328.554303011555,0.20417650209435076,500,2.5.1.post303,7650.0
regression__pulse_entities__rope_seed2,pulse_entities,rope,500,2,106689,8.0,False,7650,1350,1000,21,16,0.20843507293723956,625.4986872627435,274.1207398270084,-18.463748944415986,0.913833704370141,140.37701860070229,824.484100251968,379.44100664577456,-214.03665820498483,0.8218796617550297,332.7016011870634,171.7087249519557,171.7087249519557,0.126,0.77,124.457,0.0988,1.603,64,256,0.1,3000.0,NVIDIA L40S,gpu-n64.crc.pitt.edu,4,6,2,20,2,8,3642646,2,True,regression,0.0,21963.690146096847,0.2084995624209145,500,2.5.1.post303,7650.0
regression__segment_summary__rope_timeonly,segment_summary,rope,500,2,106689,8.0,True,7650,1350,1000,20,15,0.21326794090871118,610.4454786360576,284.81736514363246,-34.58626726405257,0.917931143871921,142.4396876245737,826.3377514355457,410.72827275373544,-237.1492777689523,0.8210778412411724,266.4933406865898,162.3832873294692,162.3832873294692,0.242,0.719,81.97,0.0683,1.111,64,256,0.1,3000.0,NVIDIA L40S,gpu-n58.crc.pitt.edu,4,6,2,20,,5,3642190,,True,regression,0.0,22189.85225451416,0.20348182621201918,500,2.5.1.post303,7650.0
regression__pulse_entities__fourier_coordinates_seed4,pulse_entities,fourier_coordinates,500,2,113409,,,7650,1350,1000,27,22,0.1785152552608539,621.1106598995666,199.92886383062893,20.90884053199058,0.9150384193859906,69.22084829441883,826.5125748744715,316.86563657560265,-46.24751003443095,0.8210021262060536,310.87709121815396,86.22111439616722,86.21077510643993,0.603,0.855,36.388,0.0225,1.136,64,256,0.1,3000.0,NVIDIA L40S,gpu-n60.crc.pitt.edu,4,6,2,20,4,7,3642886,4,True,regression,0.0,9385.01408652886,0.20703688663318887,500,2.5.1.post303,7650.0
regression__pulse_entities__rope_seed3,pulse_entities,rope,500,2,106689,8.0,False,7650,1350,1000,20,15,0.19391962241948896,664.9892893318412,202.63313707162283,70.24892486123807,0.902610100373024,37.509821355342865,828.9895860388397,341.16163647721584,77.8481158764997,0.8199276256184038,451.62309559770944,67.92988222555296,62.85957344008621,0.668,0.841,84.27,0.0702,1.208,64,256,0.1,3000.0,NVIDIA L40S,gpu-n60.crc.pitt.edu,4,6,2,20,3,8,3642648,3,True,regression,0.0,3765.395241434992,0.22166309644394708,500,2.5.1.post303,7650.0
regression__raw_patches__coordinate_mlp,raw_patches,coordinate_mlp,500,20,112257,,,7650,1350,1000,48,43,0.19153724526385604,607.6515346076369,188.2586001503746,-66.59345593438977,0.9186806655484087,51.92491996433273,837.9439155209724,313.69245011750485,-154.48496469078384,0.8160165133106541,213.36246150973594,66.28840678983187,18.871068359303052,0.677,0.853,91.274,0.0317,2.618,64,256,0.1,3000.0,NVIDIA L40S,gpu-n55.crc.pitt.edu,4,6,2,20,,0,3641604,,True,regression,0.0,5746.072897424568,0.20255051153587894,500,2.5.1.post303,7650.0
regression__segment_summary__rope_base16,segment_summary,rope,500,2,106689,16.0,False,7650,1350,1000,14,9,0.2113487115255852,609.2858539779162,259.1591388140089,26.05400324104792,0.9182426497450216,117.26578697562218,840.0655618831566,396.80956346468935,-76.0203261356372,0.8150836535762581,214.4400016979285,125.30971208267664,125.30971208267664,0.236,0.772,61.489,0.0732,1.233,64,256,0.1,3000.0,NVIDIA L40S,gpu-n58.crc.pitt.edu,4,6,2,20,,5,3642001,,True,regression,0.0,18111.287666117063,0.2030952846593054,500,2.5.1.post303,7650.0
regression__segment_summary__rope,segment_summary,rope,500,2,106689,8.0,False,7650,1350,1000,16,11,0.21600263741356932,608.5454271268917,256.77472344010715,-53.43986212225193,0.9184412381566995,88.80951628088951,840.5034476647503,418.10942260566657,-211.1290876628104,0.8148908273350088,208.54353779272992,99.89502582941535,99.89502582941535,0.568,0.73,67.551,0.0704,1.299,64,256,0.1,3000.0,NVIDIA L40S,gpu-n55.crc.pitt.edu,4,6,2,20,,5,3641609,,True,regression,0.0,13166.256948116608,0.20284847570896394,500,2.5.1.post303,7650.0
regression__segment_summary__rope_base4_seed2,segment_summary,rope,500,2,106689,4.0,False,7650,1350,1000,18,13,0.21544248856561898,633.2497829760282,256.25010580959815,32.36287011443144,0.9116849504947107,114.09618705511093,841.7617954034711,373.702712644547,-80.42961128074053,0.8143361453175144,319.28102162442616,142.04076622452962,142.04076622452962,0.186,0.812,93.814,0.0869,2.161,64,256,0.1,3000.0,NVIDIA L40S,gpu-n64.crc.pitt.edu,4,6,2,20,2,5,3642789,2,True,regression,0.0,18036.414648723017,0.2110832609920094,500,2.5.1.post303,7650.0
regression__raw_patches__coordinate_mlp_seed1,raw_patches,coordinate_mlp,500,20,112257,,,7650,1350,1000,29,24,0.19944122576099854,619.9836292031806,292.03161810191625,-2.0648095677190432,0.9153464721710629,160.13045981526375,843.115879491987,411.7980377707484,-184.74644026096638,0.8137383356252221,258.70797949561387,175.57235795056678,175.57235795056678,0.241,0.697,108.277,0.0622,3.993,64,256,0.1,3000.0,NVIDIA L40S,gpu-n64.crc.pitt.edu,4,6,2,20,1,0,3642652,1,True,regression,0.0,25163.063074288206,0.20666120973439353,500,2.5.1.post303,7650.0
regression__raw_patches__rope_seed1,raw_patches,rope,500,20,107841,8.0,False,7650,1350,1000,22,17,0.17923139227436188,653.4072587256866,184.723588079846,17.35278794778949,0.9059730114440392,44.34037264358378,846.3876047980647,304.58917088451204,-27.6192297608433,0.8122899477976924,381.44762364785663,68.16790302521025,61.082974792673035,0.667,0.891,117.064,0.0887,1.994,64,256,0.1,3000.0,NVIDIA L40S,gpu-n64.crc.pitt.edu,4,6,2,20,1,2,3642654,1,True,regression,0.0,4184.724081018621,0.2178024195752289,500,2.5.1.post303,7650.0
regression__pulse_entities__rope_base4_seed2,pulse_entities,rope,500,2,106689,4.0,False,7650,1350,1000,23,18,0.2001753813856421,619.07928045473,231.33781068801227,-94.98018642650479,0.9155932544192191,98.2089601457119,846.5531593635025,351.6476601859306,-128.41053585027936,0.8122165079334424,243.04769150583016,114.35012665946455,-62.472963022321636,0.53,0.834,94.733,0.0686,1.287,64,256,0.1,3000.0,NVIDIA L40S,gpu-n61.crc.pitt.edu,4,6,2,20,2,8,3642647,2,True,regression,0.0,15446.8967670469,0.2063597601515767,500,2.5.1.post303,7650.0
regression__segment_summary__rope_base4_seed1,segment_summary,rope,500,2,106689,4.0,False,7650,1350,1000,19,14,0.20494349935237566,622.2896634509701,222.46338121635546,-99.72364200042122,0.9147155620144687,36.59887611865997,856.009269106618,402.5260656778443,-230.93206069988594,0.8079979454076219,226.4456251432031,47.3728418879255,27.86166454560658,0.605,0.79,112.84,0.099,1.394,64,256,0.1,3000.0,NVIDIA L40S,gpu-n61.crc.pitt.edu,4,6,2,20,1,5,3642771,1,True,regression,0.0,2204.363770525536,0.20742988781699004,500,2.5.1.post303,7650.0
regression__segment_summary__rope_seed2,segment_summary,rope,500,2,106689,8.0,False,7650,1350,1000,27,22,0.20169759193518483,623.2766387605548,214.93816649693838,-109.39294377477401,0.9144448186907721,94.48526054620743,860.8937298662087,330.24267475553006,-167.28104708677603,0.805800534249266,213.4192726095338,102.8176091567299,-53.10332852266949,0.536,0.855,110.371,0.0681,1.466,64,256,0.1,3000.0,NVIDIA L40S,gpu-n61.crc.pitt.edu,4,6,2,20,2,5,3642854,2,True,regression,0.0,15142.796925697583,0.2077588795868516,500,2.5.1.post303,7650.0
regression__raw_patches__fourier_coordinates_seed2,raw_patches,fourier_coordinates,500,20,114561,,,7650,1350,1000,11,6,0.19291693265848736,620.9386632942657,223.1000893923031,54.17981655387646,0.915085467620953,79.36950400471687,867.5683520843055,369.52140175957436,26.883931499074116,0.8027775527605029,169.09157867526326,80.72196908251068,80.72196908251068,0.571,0.809,43.841,0.0664,1.703,64,256,0.1,3000.0,NVIDIA L40S,gpu-n64.crc.pitt.edu,4,6,2,20,2,1,3642779,2,True,regression,0.0,10678.566369602639,0.20697955443142188,500,2.5.1.post303,7650.0
regression__pulse_entities__rope,pulse_entities,rope,500,2,106689,8.0,False,7650,1350,1000,12,7,0.2351342910710602,631.4923842027005,293.2527950390995,-23.196725708856523,0.9121744552721994,148.45644682645798,872.4578800711298,433.075361419244,-208.81007620338485,0.8005482365538164,215.38248315974596,157.2912068232982,157.2912068232982,0.141,0.757,124.366,0.1727,1.578,64,256,0.1,3000.0,NVIDIA L40S,gpu-n73.crc.pitt.edu,4,6,2,20,,8,3641603,,True,regression,0.0,23639.89710720611,0.21049746140090017,500,2.5.1.post303,7650.0
regression__pulse_entities__rope_base16,pulse_entities,rope,500,2,106689,16.0,False,7650,1350,1000,16,11,0.22821881140565867,698.5094676465566,335.8223491103372,42.82965602962737,0.8925443609344205,142.710093408823,879.5483226283865,465.2047753290563,-129.1008901490569,0.797293184607776,458.3825590969852,210.0126131619575,210.0126131619575,0.218,0.694,67.516,0.0703,1.023,64,256,0.1,3000.0,NVIDIA L40S,gpu-n58.crc.pitt.edu,4,6,2,20,,8,3641997,,True,regression,0.0,21073.65266590873,0.2328364892155189,500,2.5.1.post303,7650.0
regression__raw_patches__rope_base4_seed3,raw_patches,rope,500,20,107841,4.0,False,7650,1350,1000,14,9,0.19807287958319714,639.282242162406,293.3693750372069,-42.12560535730356,0.9099943237671353,125.04178001053083,881.045694718236,468.84363927889893,-211.54958134674868,0.7966024075632069,226.43240156542757,122.74055398956558,122.61999654170324,0.358,0.671,68.708,0.0818,1.732,64,256,0.1,3000.0,NVIDIA L40S,gpu-n64.crc.pitt.edu,4,6,2,20,3,2,3642735,3,True,regression,0.0,17569.506384829238,0.21309408072080196,500,2.5.1.post303,7650.0
regression__pulse_entities__rope_seed1,pulse_entities,rope,500,2,106689,8.0,False,7650,1350,1000,22,17,0.19609391090533984,694.7712527982535,251.8546735762311,31.41322478143936,0.8936914245471514,72.09701836109161,881.9215897126057,385.9421188217053,-61.20077934217249,0.7961977895261183,442.46652298077277,121.46984023102642,121.46984023102642,0.606,0.791,105.05,0.0796,1.898,64,256,0.1,3000.0,NVIDIA L40S,gpu-n64.crc.pitt.edu,4,6,2,20,1,8,3642644,1,True,regression,0.0,10394.485115234085,0.2315904175994178,500,2.5.1.post303,7650.0
regression__segment_summary__coordinate_mlp_seed2,segment_summary,coordinate_mlp,500,2,111105,,,7650,1350,1000,44,39,0.19084476411523796,624.5698281966587,203.20470421886318,23.39171682535177,0.9140894264681857,46.06329649686813,882.3095567834747,372.24185686154726,41.63970183646231,0.7960184403886866,111.48702948429114,38.83524415408366,5.647620946697935,0.605,0.837,54.621,0.0207,0.962,64,256,0.1,3000.0,NVIDIA L40S,gpu-n60.crc.pitt.edu,4,6,2,20,2,3,3642851,2,True,regression,0.0,3966.667161787138,0.20818994273221955,500,2.5.1.post303,7650.0
regression__raw_patches__coordinate_mlp_seed2,raw_patches,coordinate_mlp,500,20,112257,,,7650,1350,1000,20,15,0.21324458638267385,629.890926654621,210.86251469096783,6.096488494933303,0.9126193396224962,39.14188966155052,888.3293681502248,382.19245280939487,-33.154456310350696,0.793225498939335,123.41260142802942,44.263580780939236,44.263580780939236,0.652,0.835,48.931,0.0408,1.882,64,256,0.1,3000.0,NVIDIA L40S,gpu-n64.crc.pitt.edu,4,6,2,20,2,0,3642687,2,True,regression,0.0,5441.1192476620645,0.209963642218207,500,2.5.1.post303,7650.0
regression__segment_summary__coordinate_mlp_seed3,segment_summary,coordinate_mlp,500,2,111105,,,7650,1350,1000,24,19,0.19496423332049323,632.3506118996158,204.47078128684313,27.70829991860753,0.9119355750086229,77.08399961973919,892.5398611496586,324.7240405205569,-33.820546433267815,0.7912607189742106,118.58789735621833,87.53812487220623,87.53812487220623,0.728,0.883,38.223,0.0265,1.19,64,256,0.1,3000.0,NVIDIA L40S,gpu-n71.crc.pitt.edu,4,6,2,20,3,3,3642856,3,True,regression,0.0,12440.415549897418,0.21078353729987195,500,2.5.1.post303,7650.0
regression__raw_patches__coordinate_mlp_seed4,raw_patches,coordinate_mlp,500,20,112257,,,7650,1350,1000,19,14,0.22297784680016158,703.8115951721927,221.4429997080423,-8.905388509347386,0.8909068574087884,35.849735140800476,969.37438645822,399.10295754245067,-55.70114728406271,0.7537750704276485,251.56401440839306,48.688839525866086,36.5981796877624,0.665,0.848,48.888,0.0429,2.649,64,256,0.1,3000.0,NVIDIA L40S,gpu-n60.crc.pitt.edu,4,6,2,20,4,0,3642763,4,True,regression,0.0,2537.4667635065007,0.23460386505739758,500,2.5.1.post303,7650.0
regression__pulse_entities__rope_base4_seed3,pulse_entities,rope,500,2,106689,4.0,False,7650,1350,1000,11,6,0.21914438780815254,760.2715093923601,327.7030061915023,97.19662297008998,0.8727018625600091,124.11686405539513,975.6501567083926,476.4016585555777,8.84307189956893,0.750576609400523,463.0943996386502,183.11043101302266,183.11043101302266,0.18,0.756,93.731,0.142,1.49,64,256,0.1,3000.0,NVIDIA L40S,gpu-n65.crc.pitt.edu,4,6,2,20,3,8,3642649,3,True,regression,0.0,19591.90721604155,0.25342383646412003,500,2.5.1.post303,7650.0
regression__segment_summary__coordinate_mlp,segment_summary,coordinate_mlp,500,2,111105,,,7650,1350,1000,22,17,0.22483645496371424,743.9790947427636,230.3588532828835,11.378219513729865,0.8780993329262934,18.71228590607643,1024.9531087367136,423.0589147470358,4.09052774609476,0.7247312343797107,264.96309141766534,42.979898052455404,18.46467324438885,0.671,0.853,29.905,0.0227,1.155,64,256,0.1,3000.0,NVIDIA L40S,gpu-n55.crc.pitt.edu,4,6,2,20,,3,3641607,,True,regression,0.0,2375.826241601846,0.24799303158092115,500,2.5.1.post303,7650.0
regression__segment_summary__coordinate_mlp_seed4,segment_summary,coordinate_mlp,500,2,111105,,,7650,1350,1000,19,14,0.24360149076556714,748.0963515897768,280.542699048574,19.546637164936126,0.8767463778963609,85.55498870919087,1047.1897218165373,470.4949844588881,-58.908792181351004,0.7126576209043054,193.69366569035685,95.83564439909698,95.83564439909698,0.572,0.787,79.532,0.0698,1.232,64,256,0.1,3000.0,NVIDIA L40S,gpu-n65.crc.pitt.edu,4,6,2,20,4,3,3642842,4,True,regression,0.0,12769.420297194327,0.24936545052992556,500,2.5.1.post303,7650.0
regression__segment_summary__coordinate_mlp_seed1,segment_summary,coordinate_mlp,500,2,111105,,,7650,1350,1000,22,17,0.23958369936693127,796.9210483352091,262.234458227769,77.81986354458586,0.8601330151895726,40.945373475551605,1089.6320638003729,460.9511993997089,86.88508442367802,0.6888937828236423,313.2360406147781,69.0049643465731,69.0049643465731,0.646,0.816,58.742,0.0445,1.435,64,256,0.1,3000.0,NVIDIA L40S,gpu-n64.crc.pitt.edu,4,6,2,20,1,3,3642655,1,True,regression,0.0,5450.08678516846,0.2656403494450697,500,2.5.1.post303,7650.0
regression__pulse_entities__coordinate_mlp_seed1,pulse_entities,coordinate_mlp,500,2,111105,,,7650,1350,1000,16,11,0.26098135924890975,862.3629942211525,355.4779555628947,6.073739903554979,0.8362185012422586,108.07280242697948,1142.1082582124936,561.5449097481552,-147.1857508184568,0.658206747459485,445.435265659493,155.10121313028435,155.10121313028435,0.456,0.708,39.708,0.0414,1.538,64,256,0.1,3000.0,NVIDIA L40S,gpu-n64.crc.pitt.edu,4,6,2,20,1,6,3642658,1,True,regression,0.0,15127.739238322658,0.2874543314070508,500,2.5.1.post303,7650.0
regression__pulse_entities__coordinate_mlp,pulse_entities,coordinate_mlp,500,2,111105,,,7650,1350,1000,16,11,0.25805794051343184,848.091327455555,397.06531060760165,-4.112876047804298,0.8415946440293562,171.24049365520477,1164.6945200616738,609.9187785146232,-203.8300787985735,0.644554512127576,315.5966468309647,190.0894532542257,190.0894532542257,0.074,0.68,28.485,0.0297,1.15,64,256,0.1,3000.0,NVIDIA L40S,gpu-n55.crc.pitt.edu,4,6,2,20,,6,3641610,,True,regression,0.0,26587.945072578605,0.28269710915185164,500,2.5.1.post303,7650.0
regression__pulse_entities__coordinate_mlp_seed4,pulse_entities,coordinate_mlp,500,2,111105,,,7650,1350,1000,18,13,0.27925963361621264,951.0221333192252,354.99377839525613,171.63928225500945,0.8008107637422834,122.53627181053162,1189.6791824140314,506.6987993758113,134.78298570391144,0.6291411343059962,638.4803448386787,207.47785069621526,207.47785069621526,0.184,0.814,33.268,0.0308,1.186,64,256,0.1,3000.0,NVIDIA L40S,gpu-n61.crc.pitt.edu,4,6,2,20,4,6,3642881,4,True,regression,0.0,19581.80883620873,0.3170073777730751,500,2.5.1.post303,7650.0
regression__pulse_entities__coordinate_mlp_seed3,pulse_entities,coordinate_mlp,500,2,111105,,,7650,1350,1000,14,9,0.23124909989433923,874.6571392567992,333.252428667006,16.253730306909144,0.8315153623762692,90.49295781409455,1200.6540813224783,562.9657396116135,-79.65099823919066,0.6222671596742448,327.35564539411877,109.88228607195369,109.51020204897463,0.531,0.746,46.94,0.0559,1.342,64,256,0.1,3000.0,NVIDIA L40S,gpu-n64.crc.pitt.edu,4,6,2,20,3,6,3642885,3,True,regression,0.0,11595.583515763692,0.2915523797522664,500,2.5.1.post303,7650.0
regression__pulse_entities__coordinate_mlp_seed2,pulse_entities,coordinate_mlp,500,2,111105,,,7650,1350,1000,15,10,0.25931600790979037,912.4837088395003,423.91991913056825,41.20110974325305,0.8166272253696267,198.17343726754189,1220.2584471420023,610.6874726387568,-165.29153793206797,0.6098311561287706,440.8490882406723,242.30965506836506,241.9917908160997,0.143,0.747,23.312,0.0259,1.144,64,256,0.1,3000.0,NVIDIA L40S,gpu-n60.crc.pitt.edu,4,6,2,20,2,6,3642861,2,True,regression,0.0,32129.493829771924,0.30416123627983344,500,2.5.1.post303,7650.0
