distribution,category,left_keV,right_keV,base_or_matched_mass,normalizing_class_mass,density_per_keV
original,0nubb,0.0,50.0,0.0,196608.0,0.0
original,0nubb,50.0,100.0,0.0,196608.0,0.0
original,0nubb,100.0,150.0,0.0,196608.0,0.0
original,0nubb,150.0,200.0,0.0,196608.0,0.0
original,0nubb,200.0,250.0,0.0,196608.0,0.0
original,0nubb,250.0,300.0,0.0,196608.0,0.0
original,0nubb,300.0,350.0,5.0,196608.0,5.086263020833333e-07
original,0nubb,350.0,400.0,11.0,196608.0,1.1189778645833333e-06
original,0nubb,400.0,450.0,12.0,196608.0,1.220703125e-06
original,0nubb,450.0,500.0,20.0,196608.0,2.0345052083333333e-06
original,0nubb,500.0,550.0,26.0,196608.0,2.644856770833333e-06
original,0nubb,550.0,600.0,27.0,196608.0,2.74658203125e-06
original,0nubb,600.0,650.0,40.0,196608.0,4.069010416666667e-06
original,0nubb,650.0,700.0,38.0,196608.0,3.865559895833333e-06
original,0nubb,700.0,750.0,43.0,196608.0,4.374186197916667e-06
original,0nubb,750.0,800.0,50.0,196608.0,5.086263020833334e-06
original,0nubb,800.0,850.0,50.0,196608.0,5.086263020833334e-06
original,0nubb,850.0,900.0,76.0,196608.0,7.731119791666666e-06
original,0nubb,900.0,950.0,76.0,196608.0,7.731119791666666e-06
original,0nubb,950.0,1000.0,100.0,196608.0,1.0172526041666668e-05
original,0nubb,1000.0,1050.0,103.0,196608.0,1.0477701822916668e-05
original,0nubb,1050.0,1100.0,120.0,196608.0,1.220703125e-05
original,0nubb,1100.0,1150.0,131.0,196608.0,1.3326009114583333e-05
original,0nubb,1150.0,1200.0,131.0,196608.0,1.3326009114583333e-05
original,0nubb,1200.0,1250.0,183.0,196608.0,1.861572265625e-05
original,0nubb,1250.0,1300.0,184.0,196608.0,1.871744791666667e-05
original,0nubb,1300.0,1350.0,220.0,196608.0,2.2379557291666665e-05
original,0nubb,1350.0,1400.0,197.0,196608.0,2.0039876302083335e-05
original,0nubb,1400.0,1450.0,223.0,196608.0,2.2684733072916665e-05
original,0nubb,1450.0,1500.0,258.0,196608.0,2.62451171875e-05
original,0nubb,1500.0,1550.0,301.0,196608.0,3.061930338541666e-05
original,0nubb,1550.0,1600.0,321.0,196608.0,3.265380859375e-05
original,0nubb,1600.0,1650.0,348.0,196608.0,3.5400390625e-05
original,0nubb,1650.0,1700.0,384.0,196608.0,3.90625e-05
original,0nubb,1700.0,1750.0,463.0,196608.0,4.709879557291667e-05
original,0nubb,1750.0,1800.0,477.0,196608.0,4.852294921875e-05
original,0nubb,1800.0,1850.0,538.0,196608.0,5.472819010416667e-05
original,0nubb,1850.0,1900.0,582.0,196608.0,5.92041015625e-05
original,0nubb,1900.0,1950.0,662.0,196608.0,6.734212239583333e-05
original,0nubb,1950.0,2000.0,743.0,196608.0,7.558186848958333e-05
original,0nubb,2000.0,2050.0,934.0,196608.0,9.501139322916667e-05
original,0nubb,2050.0,2100.0,1075.0,196608.0,0.00010935465494791666
original,0nubb,2100.0,2150.0,1272.0,196608.0,0.00012939453125
original,0nubb,2150.0,2200.0,1457.0,196608.0,0.00014821370442708333
original,0nubb,2200.0,2250.0,1833.0,196608.0,0.00018646240234375
original,0nubb,2250.0,2300.0,2377.0,196608.0,0.00024180094401041668
original,0nubb,2300.0,2350.0,2974.0,196608.0,0.0003025309244791667
original,0nubb,2350.0,2400.0,3919.0,196608.0,0.00039866129557291664
original,0nubb,2400.0,2450.0,4914.0,196608.0,0.0004998779296875
original,0nubb,2450.0,2500.0,6310.0,196608.0,0.0006418863932291667
original,0nubb,2500.0,2550.0,8162.0,196608.0,0.0008302815755208332
original,0nubb,2550.0,2600.0,10725.0,196608.0,0.00109100341796875
original,0nubb,2600.0,2650.0,14051.0,196608.0,0.0014293416341145835
original,0nubb,2650.0,2700.0,18200.0,196608.0,0.0018513997395833335
original,0nubb,2700.0,2750.0,23013.0,196608.0,0.00234100341796875
original,0nubb,2750.0,2800.0,26924.0,196608.0,0.002738850911458333
original,0nubb,2800.0,2850.0,27118.0,196608.0,0.002758585611979167
original,0nubb,2850.0,2900.0,19979.0,196608.0,0.0020323689778645833
original,0nubb,2900.0,2950.0,10222.0,196608.0,0.0010398356119791668
original,0nubb,2950.0,3000.0,3238.0,196608.0,0.00032938639322916666
original,0nubb,3000.0,3050.0,643.0,196608.0,6.540934244791667e-05
original,0nubb,3050.0,3100.0,106.0,196608.0,1.0782877604166667e-05
original,0nubb,3100.0,3150.0,19.0,196608.0,1.9327799479166664e-06
original,0nubb,3150.0,3200.0,0.0,196608.0,0.0
original,0nubb,3200.0,3250.0,0.0,196608.0,0.0
original,0nubb,3250.0,3300.0,0.0,196608.0,0.0
original,Bi214,0.0,50.0,0.0,262144.0,0.0
original,Bi214,50.0,100.0,0.0,262144.0,0.0
original,Bi214,100.0,150.0,0.0,262144.0,0.0
original,Bi214,150.0,200.0,0.0,262144.0,0.0
original,Bi214,200.0,250.0,0.0,262144.0,0.0
original,Bi214,250.0,300.0,0.0,262144.0,0.0
original,Bi214,300.0,350.0,1393.0,262144.0,0.0001062774658203125
original,Bi214,350.0,400.0,1842.0,262144.0,0.000140533447265625
original,Bi214,400.0,450.0,2394.0,262144.0,0.000182647705078125
original,Bi214,450.0,500.0,3032.0,262144.0,0.0002313232421875
original,Bi214,500.0,550.0,3759.0,262144.0,0.0002867889404296875
original,Bi214,550.0,600.0,4403.0,262144.0,0.0003359222412109375
original,Bi214,600.0,650.0,5008.0,262144.0,0.000382080078125
original,Bi214,650.0,700.0,5579.0,262144.0,0.0004256439208984375
original,Bi214,700.0,750.0,5801.0,262144.0,0.0004425811767578125
original,Bi214,750.0,800.0,6117.0,262144.0,0.0004666900634765625
original,Bi214,800.0,850.0,6240.0,262144.0,0.00047607421875
original,Bi214,850.0,900.0,6410.0,262144.0,0.000489044189453125
original,Bi214,900.0,950.0,6483.0,262144.0,0.0004946136474609375
original,Bi214,950.0,1000.0,6681.0,262144.0,0.0005097198486328125
original,Bi214,1000.0,1050.0,6720.0,262144.0,0.0005126953125
original,Bi214,1050.0,1100.0,6730.0,262144.0,0.000513458251953125
original,Bi214,1100.0,1150.0,6827.0,262144.0,0.0005208587646484375
original,Bi214,1150.0,1200.0,6857.0,262144.0,0.0005231475830078124
original,Bi214,1200.0,1250.0,7063.0,262144.0,0.0005388641357421875
original,Bi214,1250.0,1300.0,7157.0,262144.0,0.0005460357666015624
original,Bi214,1300.0,1350.0,7490.0,262144.0,0.000571441650390625
original,Bi214,1350.0,1400.0,7912.0,262144.0,0.0006036376953125
original,Bi214,1400.0,1450.0,8191.0,262144.0,0.0006249237060546875
original,Bi214,1450.0,1500.0,8255.0,262144.0,0.0006298065185546875
original,Bi214,1500.0,1550.0,8213.0,262144.0,0.0006266021728515625
original,Bi214,1550.0,1600.0,8168.0,262144.0,0.0006231689453125
original,Bi214,1600.0,1650.0,7880.0,262144.0,0.0006011962890625
original,Bi214,1650.0,1700.0,8115.0,262144.0,0.0006191253662109375
original,Bi214,1700.0,1750.0,7878.0,262144.0,0.000601043701171875
original,Bi214,1750.0,1800.0,7610.0,262144.0,0.000580596923828125
original,Bi214,1800.0,1850.0,7406.0,262144.0,0.000565032958984375
original,Bi214,1850.0,1900.0,7263.0,262144.0,0.0005541229248046875
original,Bi214,1900.0,1950.0,6637.0,262144.0,0.0005063629150390625
original,Bi214,1950.0,2000.0,6383.0,262144.0,0.0004869842529296875
original,Bi214,2000.0,2050.0,6104.0,262144.0,0.0004656982421875
original,Bi214,2050.0,2100.0,5488.0,262144.0,0.000418701171875
original,Bi214,2100.0,2150.0,5150.0,262144.0,0.000392913818359375
original,Bi214,2150.0,2200.0,4712.0,262144.0,0.0003594970703125
original,Bi214,2200.0,2250.0,4391.0,262144.0,0.0003350067138671875
original,Bi214,2250.0,2300.0,3899.0,262144.0,0.0002974700927734375
original,Bi214,2300.0,2350.0,3401.0,262144.0,0.0002594757080078125
original,Bi214,2350.0,2400.0,2996.0,262144.0,0.00022857666015625
original,Bi214,2400.0,2450.0,2662.0,262144.0,0.000203094482421875
original,Bi214,2450.0,2500.0,2181.0,262144.0,0.0001663970947265625
original,Bi214,2500.0,2550.0,1862.0,262144.0,0.000142059326171875
original,Bi214,2550.0,2600.0,1475.0,262144.0,0.0001125335693359375
original,Bi214,2600.0,2650.0,1181.0,262144.0,9.01031494140625e-05
original,Bi214,2650.0,2700.0,928.0,262144.0,7.080078125e-05
original,Bi214,2700.0,2750.0,698.0,262144.0,5.3253173828125e-05
original,Bi214,2750.0,2800.0,429.0,262144.0,3.27301025390625e-05
original,Bi214,2800.0,2850.0,306.0,262144.0,2.3345947265625e-05
original,Bi214,2850.0,2900.0,184.0,262144.0,1.40380859375e-05
original,Bi214,2900.0,2950.0,103.0,262144.0,7.8582763671875e-06
original,Bi214,2950.0,3000.0,57.0,262144.0,4.3487548828125e-06
original,Bi214,3000.0,3050.0,29.0,262144.0,2.2125244140625e-06
original,Bi214,3050.0,3100.0,10.0,262144.0,7.62939453125e-07
original,Bi214,3100.0,3150.0,1.0,262144.0,7.62939453125e-08
original,Bi214,3150.0,3200.0,0.0,262144.0,0.0
original,Bi214,3200.0,3250.0,0.0,262144.0,0.0
original,Bi214,3250.0,3300.0,0.0,262144.0,0.0
retained,0nubb,0.0,50.0,0.0,99139.0,0.0
retained,0nubb,50.0,100.0,0.0,99139.0,0.0
retained,0nubb,100.0,150.0,0.0,99139.0,0.0
retained,0nubb,150.0,200.0,0.0,99139.0,0.0
retained,0nubb,200.0,250.0,0.0,99139.0,0.0
retained,0nubb,250.0,300.0,0.0,99139.0,0.0
retained,0nubb,300.0,350.0,0.0,99139.0,0.0
retained,0nubb,350.0,400.0,0.0,99139.0,0.0
retained,0nubb,400.0,450.0,0.0,99139.0,0.0
retained,0nubb,450.0,500.0,0.0,99139.0,0.0
retained,0nubb,500.0,550.0,0.0,99139.0,0.0
retained,0nubb,550.0,600.0,0.0,99139.0,0.0
retained,0nubb,600.0,650.0,0.0,99139.0,0.0
retained,0nubb,650.0,700.0,0.0,99139.0,0.0
retained,0nubb,700.0,750.0,0.0,99139.0,0.0
retained,0nubb,750.0,800.0,0.0,99139.0,0.0
retained,0nubb,800.0,850.0,0.0,99139.0,0.0
retained,0nubb,850.0,900.0,0.0,99139.0,0.0
retained,0nubb,900.0,950.0,0.0,99139.0,0.0
retained,0nubb,950.0,1000.0,0.0,99139.0,0.0
retained,0nubb,1000.0,1050.0,0.0,99139.0,0.0
retained,0nubb,1050.0,1100.0,0.0,99139.0,0.0
retained,0nubb,1100.0,1150.0,0.0,99139.0,0.0
retained,0nubb,1150.0,1200.0,0.0,99139.0,0.0
retained,0nubb,1200.0,1250.0,95.0,99139.0,1.9165010742492864e-05
retained,0nubb,1250.0,1300.0,70.0,99139.0,1.4121586862889479e-05
retained,0nubb,1300.0,1350.0,186.0,99139.0,3.7523073664249186e-05
retained,0nubb,1350.0,1400.0,118.0,99139.0,2.380496071172798e-05
retained,0nubb,1400.0,1450.0,176.0,99139.0,3.550570411240783e-05
retained,0nubb,1450.0,1500.0,240.0,99139.0,4.84168692441925e-05
retained,0nubb,1500.0,1550.0,301.0,99139.0,6.0722823510424755e-05
retained,0nubb,1550.0,1600.0,321.0,99139.0,6.475756261410746e-05
retained,0nubb,1600.0,1650.0,348.0,99139.0,7.020446040407911e-05
retained,0nubb,1650.0,1700.0,384.0,99139.0,7.746699079070799e-05
retained,0nubb,1700.0,1750.0,463.0,99139.0,9.34042102502547e-05
retained,0nubb,1750.0,1800.0,477.0,99139.0,9.622852762283259e-05
retained,0nubb,1800.0,1850.0,538.0,99139.0,0.00010853448188906484
retained,0nubb,1850.0,1900.0,582.0,99139.0,0.00011741090791716681
retained,0nubb,1900.0,1950.0,662.0,99139.0,0.00013354986433189764
retained,0nubb,1950.0,2000.0,743.0,99139.0,0.0001498905577018126
retained,0nubb,2000.0,2050.0,934.0,99139.0,0.00018842231614198246
retained,0nubb,2050.0,2100.0,1075.0,99139.0,0.00021686722682294555
retained,0nubb,2100.0,2150.0,1272.0,99139.0,0.00025660940699422026
retained,0nubb,2150.0,2200.0,1457.0,99139.0,0.0002939307437032853
retained,0nubb,2200.0,2250.0,1833.0,99139.0,0.0003697838388525202
retained,0nubb,2250.0,2300.0,2377.0,99139.0,0.00047952874247268984
retained,0nubb,2300.0,2350.0,2974.0,99139.0,0.0005999657047176187
retained,0nubb,2350.0,2400.0,3919.0,99139.0,0.0007906071273666267
retained,0nubb,2400.0,2450.0,4914.0,99139.0,0.0009913353977748414
retained,0nubb,2450.0,2500.0,6310.0,99139.0,0.0012729601872118945
retained,0nubb,2500.0,2550.0,8162.0,99139.0,0.0016465770282129133
retained,0nubb,2550.0,2600.0,10725.0,99139.0,0.002163628844349852
retained,0nubb,2600.0,2650.0,14051.0,99139.0,0.0028346059572922867
retained,0nubb,2650.0,2700.0,18200.0,99139.0,0.0036716125843512643
retained,0nubb,2700.0,2750.0,15232.0,99139.0,0.0030728573013647504
retained,0nubb,2750.0,2800.0,0.0,99139.0,0.0
retained,0nubb,2800.0,2850.0,0.0,99139.0,0.0
retained,0nubb,2850.0,2900.0,0.0,99139.0,0.0
retained,0nubb,2900.0,2950.0,0.0,99139.0,0.0
retained,0nubb,2950.0,3000.0,0.0,99139.0,0.0
retained,0nubb,3000.0,3050.0,0.0,99139.0,0.0
retained,0nubb,3050.0,3100.0,0.0,99139.0,0.0
retained,0nubb,3100.0,3150.0,0.0,99139.0,0.0
retained,0nubb,3150.0,3200.0,0.0,99139.0,0.0
retained,0nubb,3200.0,3250.0,0.0,99139.0,0.0
retained,0nubb,3250.0,3300.0,0.0,99139.0,0.0
retained,Bi214,0.0,50.0,0.0,150591.0,0.0
retained,Bi214,50.0,100.0,0.0,150591.0,0.0
retained,Bi214,100.0,150.0,0.0,150591.0,0.0
retained,Bi214,150.0,200.0,0.0,150591.0,0.0
retained,Bi214,200.0,250.0,0.0,150591.0,0.0
retained,Bi214,250.0,300.0,0.0,150591.0,0.0
retained,Bi214,300.0,350.0,0.0,150591.0,0.0
retained,Bi214,350.0,400.0,0.0,150591.0,0.0
retained,Bi214,400.0,450.0,0.0,150591.0,0.0
retained,Bi214,450.0,500.0,0.0,150591.0,0.0
retained,Bi214,500.0,550.0,0.0,150591.0,0.0
retained,Bi214,550.0,600.0,0.0,150591.0,0.0
retained,Bi214,600.0,650.0,0.0,150591.0,0.0
retained,Bi214,650.0,700.0,0.0,150591.0,0.0
retained,Bi214,700.0,750.0,0.0,150591.0,0.0
retained,Bi214,750.0,800.0,0.0,150591.0,0.0
retained,Bi214,800.0,850.0,0.0,150591.0,0.0
retained,Bi214,850.0,900.0,0.0,150591.0,0.0
retained,Bi214,900.0,950.0,0.0,150591.0,0.0
retained,Bi214,950.0,1000.0,0.0,150591.0,0.0
retained,Bi214,1000.0,1050.0,0.0,150591.0,0.0
retained,Bi214,1050.0,1100.0,0.0,150591.0,0.0
retained,Bi214,1100.0,1150.0,0.0,150591.0,0.0
retained,Bi214,1150.0,1200.0,0.0,150591.0,0.0
retained,Bi214,1200.0,1250.0,2822.0,150591.0,0.0003747899940899523
retained,Bi214,1250.0,1300.0,2105.0,150591.0,0.00027956517985802605
retained,Bi214,1300.0,1350.0,5972.0,150591.0,0.0007931416884143143
retained,Bi214,1350.0,1400.0,4028.0,150591.0,0.0005349589284884223
retained,Bi214,1400.0,1450.0,5764.0,150591.0,0.0007655171955827374
retained,Bi214,1450.0,1500.0,7411.0,150591.0,0.000984255367186618
retained,Bi214,1500.0,1550.0,8213.0,150591.0,0.0010907690366622174
retained,Bi214,1550.0,1600.0,8168.0,150591.0,0.0010847925838861551
retained,Bi214,1600.0,1650.0,7880.0,150591.0,0.0010465432861193565
retained,Bi214,1650.0,1700.0,8115.0,150591.0,0.0010777536506165707
retained,Bi214,1700.0,1750.0,7878.0,150591.0,0.001046277665995976
retained,Bi214,1750.0,1800.0,7610.0,150591.0,0.0010106845694629824
retained,Bi214,1800.0,1850.0,7406.0,150591.0,0.0009835913168781667
retained,Bi214,1850.0,1900.0,7263.0,150591.0,0.0009645994780564576
retained,Bi214,1900.0,1950.0,6637.0,150591.0,0.0008814603794383462
retained,Bi214,1950.0,2000.0,6383.0,150591.0,0.0008477266237690167
retained,Bi214,2000.0,2050.0,6104.0,150591.0,0.0008106726165574305
retained,Bi214,2050.0,2100.0,5488.0,150591.0,0.0007288616185562218
retained,Bi214,2100.0,2150.0,5150.0,150591.0,0.0006839718177049093
retained,Bi214,2150.0,2200.0,4712.0,150591.0,0.0006258010106845695
retained,Bi214,2200.0,2250.0,4391.0,150591.0,0.0005831689808819916
retained,Bi214,2250.0,2300.0,3899.0,150591.0,0.000517826430530377
retained,Bi214,2300.0,2350.0,3401.0,150591.0,0.0004516870198086207
retained,Bi214,2350.0,2400.0,2996.0,150591.0,0.0003978989448240599
retained,Bi214,2400.0,2450.0,2662.0,150591.0,0.0003535403842195085
retained,Bi214,2450.0,2500.0,2181.0,150591.0,0.00028965874454648684
retained,Bi214,2500.0,2550.0,1862.0,150591.0,0.0002472923348672896
retained,Bi214,2550.0,2600.0,1475.0,150591.0,0.00019589484099315365
retained,Bi214,2600.0,2650.0,1181.0,150591.0,0.00015684868285621318
retained,Bi214,2650.0,2700.0,928.0,150591.0,0.00012324773724857395
retained,Bi214,2700.0,2750.0,506.0,150591.0,6.720189121527848e-05
retained,Bi214,2750.0,2800.0,0.0,150591.0,0.0
retained,Bi214,2800.0,2850.0,0.0,150591.0,0.0
retained,Bi214,2850.0,2900.0,0.0,150591.0,0.0
retained,Bi214,2900.0,2950.0,0.0,150591.0,0.0
retained,Bi214,2950.0,3000.0,0.0,150591.0,0.0
retained,Bi214,3000.0,3050.0,0.0,150591.0,0.0
retained,Bi214,3050.0,3100.0,0.0,150591.0,0.0
retained,Bi214,3100.0,3150.0,0.0,150591.0,0.0
retained,Bi214,3150.0,3200.0,0.0,150591.0,0.0
retained,Bi214,3200.0,3250.0,0.0,150591.0,0.0
retained,Bi214,3250.0,3300.0,0.0,150591.0,0.0
matched,0nubb,0.0,50.0,0.0,1.0,0.0
matched,0nubb,50.0,100.0,0.0,1.0,0.0
matched,0nubb,100.0,150.0,0.0,1.0,0.0
matched,0nubb,150.0,200.0,0.0,1.0,0.0
matched,0nubb,200.0,250.0,0.0,1.0,0.0
matched,0nubb,250.0,300.0,0.0,1.0,0.0
matched,0nubb,300.0,350.0,0.0,1.0,0.0
matched,0nubb,350.0,400.0,0.0,1.0,0.0
matched,0nubb,400.0,450.0,0.0,1.0,0.0
matched,0nubb,450.0,500.0,0.0,1.0,0.0
matched,0nubb,500.0,550.0,0.0,1.0,0.0
matched,0nubb,550.0,600.0,0.0,1.0,0.0
matched,0nubb,600.0,650.0,0.0,1.0,0.0
matched,0nubb,650.0,700.0,0.0,1.0,0.0
matched,0nubb,700.0,750.0,0.0,1.0,0.0
matched,0nubb,750.0,800.0,0.0,1.0,0.0
matched,0nubb,800.0,850.0,0.0,1.0,0.0
matched,0nubb,850.0,900.0,0.0,1.0,0.0
matched,0nubb,900.0,950.0,0.0,1.0,0.0
matched,0nubb,950.0,1000.0,0.0,1.0,0.0
matched,0nubb,1000.0,1050.0,0.0,1.0,0.0
matched,0nubb,1050.0,1100.0,0.0,1.0,0.0
matched,0nubb,1100.0,1150.0,0.0,1.0,0.0
matched,0nubb,1150.0,1200.0,0.0,1.0,0.0
matched,0nubb,1200.0,1250.0,0.003898684986127692,1.0,7.797369972255385e-05
matched,0nubb,1250.0,1300.0,0.00287271525293619,1.0,5.7454305058723795e-05
matched,0nubb,1300.0,1350.0,0.007633214814944731,1.0,0.00015266429629889463
matched,0nubb,1350.0,1400.0,0.004842577140663863,1.0,9.685154281327726e-05
matched,0nubb,1400.0,1450.0,0.007222826921668195,1.0,0.0001444565384333639
matched,0nubb,1450.0,1500.0,0.00984930943863857,1.0,0.0001969861887727714
matched,0nubb,1500.0,1550.0,0.012352675587625789,1.0,0.00024705351175251575
matched,0nubb,1550.0,1600.0,0.013173451374178538,1.0,0.00026346902748357077
matched,0nubb,1600.0,1650.0,0.014281498686025323,1.0,0.0002856299737205065
matched,0nubb,1650.0,1700.0,0.015758895101821047,1.0,0.0003151779020364209
matched,0nubb,1700.0,1750.0,0.019000959458706113,1.0,0.00038001918917412227
matched,0nubb,1750.0,1800.0,0.01957550250929331,1.0,0.00039151005018586623
matched,0nubb,1800.0,1850.0,0.022078868658280543,1.0,0.00044157737316561084
matched,0nubb,1850.0,1900.0,0.023884575388697538,1.0,0.00047769150777395074
matched,0nubb,1900.0,1950.0,0.027167678534912976,1.0,0.0005433535706982595
matched,0nubb,1950.0,2000.0,0.030491820470455788,1.0,0.0006098364094091158
matched,0nubb,2000.0,2050.0,0.038330229232039964,1.0,0.0007666045846407993
matched,0nubb,2050.0,2100.0,0.04411669852724087,1.0,0.0008823339705448175
matched,0nubb,2100.0,2150.0,0.05220134002479104,1.0,0.0010440268004958209
matched,0nubb,2150.0,2200.0,0.05979351605039107,1.0,0.0011958703210078214
matched,0nubb,2200.0,2250.0,0.07522410083758613,1.0,0.0015044820167517225
matched,0nubb,2250.0,2300.0,0.08950329716858985,1.0,0.0017900659433717969
matched,0nubb,2300.0,2350.0,0.08046426608892387,1.0,0.0016092853217784776
matched,0nubb,2350.0,2400.0,0.07088237024473609,1.0,0.0014176474048947219
matched,0nubb,2400.0,2450.0,0.06298026354856767,1.0,0.0012596052709713534
matched,0nubb,2450.0,2500.0,0.05160028354598978,1.0,0.0010320056709197955
matched,0nubb,2500.0,2550.0,0.04405306188108615,1.0,0.000881061237621723
matched,0nubb,2550.0,2600.0,0.034897028074430625,1.0,0.0006979405614886125
matched,0nubb,2600.0,2650.0,0.027941281461768996,1.0,0.0005588256292353799
matched,0nubb,2650.0,2700.0,0.02195555393452331,1.0,0.00043911107869046615
matched,0nubb,2700.0,2750.0,0.011971455054781144,1.0,0.00023942910109562288
matched,0nubb,2750.0,2800.0,0.0,1.0,0.0
matched,0nubb,2800.0,2850.0,0.0,1.0,0.0
matched,0nubb,2850.0,2900.0,0.0,1.0,0.0
matched,0nubb,2900.0,2950.0,0.0,1.0,0.0
matched,0nubb,2950.0,3000.0,0.0,1.0,0.0
matched,0nubb,3000.0,3050.0,0.0,1.0,0.0
matched,0nubb,3050.0,3100.0,0.0,1.0,0.0
matched,0nubb,3100.0,3150.0,0.0,1.0,0.0
matched,0nubb,3150.0,3200.0,0.0,1.0,0.0
matched,0nubb,3200.0,3250.0,0.0,1.0,0.0
matched,0nubb,3250.0,3300.0,0.0,1.0,0.0
matched,Bi214,0.0,50.0,0.0,1.0,0.0
matched,Bi214,50.0,100.0,0.0,1.0,0.0
matched,Bi214,100.0,150.0,0.0,1.0,0.0
matched,Bi214,150.0,200.0,0.0,1.0,0.0
matched,Bi214,200.0,250.0,0.0,1.0,0.0
matched,Bi214,250.0,300.0,0.0,1.0,0.0
matched,Bi214,300.0,350.0,0.0,1.0,0.0
matched,Bi214,350.0,400.0,0.0,1.0,0.0
matched,Bi214,400.0,450.0,0.0,1.0,0.0
matched,Bi214,450.0,500.0,0.0,1.0,0.0
matched,Bi214,500.0,550.0,0.0,1.0,0.0
matched,Bi214,550.0,600.0,0.0,1.0,0.0
matched,Bi214,600.0,650.0,0.0,1.0,0.0
matched,Bi214,650.0,700.0,0.0,1.0,0.0
matched,Bi214,700.0,750.0,0.0,1.0,0.0
matched,Bi214,750.0,800.0,0.0,1.0,0.0
matched,Bi214,800.0,850.0,0.0,1.0,0.0
matched,Bi214,850.0,900.0,0.0,1.0,0.0
matched,Bi214,900.0,950.0,0.0,1.0,0.0
matched,Bi214,950.0,1000.0,0.0,1.0,0.0
matched,Bi214,1000.0,1050.0,0.0,1.0,0.0
matched,Bi214,1050.0,1100.0,0.0,1.0,0.0
matched,Bi214,1100.0,1150.0,0.0,1.0,0.0
matched,Bi214,1150.0,1200.0,0.0,1.0,0.0
matched,Bi214,1200.0,1250.0,0.0038986849861276924,1.0,7.797369972255385e-05
matched,Bi214,1250.0,1300.0,0.0028727152529361252,1.0,5.745430505872251e-05
matched,Bi214,1300.0,1350.0,0.007633214814944531,1.0,0.00015266429629889062
matched,Bi214,1350.0,1400.0,0.00484257714066318,1.0,9.685154281326359e-05
matched,Bi214,1400.0,1450.0,0.007222826921668153,1.0,0.00014445653843336305
matched,Bi214,1450.0,1500.0,0.009849309438639226,1.0,0.00019698618877278453
matched,Bi214,1500.0,1550.0,0.01235267558762538,1.0,0.00024705351175250757
matched,Bi214,1550.0,1600.0,0.013173451374176873,1.0,0.0002634690274835375
matched,Bi214,1600.0,1650.0,0.014281498686022652,1.0,0.00028562997372045304
matched,Bi214,1650.0,1700.0,0.01575889510182482,1.0,0.0003151779020364964
matched,Bi214,1700.0,1750.0,0.019000959458706237,1.0,0.00038001918917412476
matched,Bi214,1750.0,1800.0,0.01957550250929288,1.0,0.0003915100501858576
matched,Bi214,1800.0,1850.0,0.02207886865828526,1.0,0.0004415773731657052
matched,Bi214,1850.0,1900.0,0.023884575388703783,1.0,0.00047769150777407564
matched,Bi214,1900.0,1950.0,0.02716767853490648,1.0,0.0005433535706981296
matched,Bi214,1950.0,2000.0,0.030491820470448072,1.0,0.0006098364094089615
matched,Bi214,2000.0,2050.0,0.03833022923203172,1.0,0.0007666045846406345
matched,Bi214,2050.0,2100.0,0.04411669852723177,1.0,0.0008823339705446353
matched,Bi214,2100.0,2150.0,0.05220134002478949,1.0,0.0010440268004957899
matched,Bi214,2150.0,2200.0,0.059793516050405504,1.0,0.00119587032100811
matched,Bi214,2200.0,2250.0,0.0752241008375949,1.0,0.001504482016751898
matched,Bi214,2250.0,2300.0,0.0895032971686085,1.0,0.0017900659433721699
matched,Bi214,2300.0,2350.0,0.0804642660889412,1.0,0.0016092853217788239
matched,Bi214,2350.0,2400.0,0.07088237024477162,1.0,0.0014176474048954325
matched,Bi214,2400.0,2450.0,0.06298026354859187,1.0,0.0012596052709718374
matched,Bi214,2450.0,2500.0,0.051600283546010206,1.0,0.001032005670920204
matched,Bi214,2500.0,2550.0,0.04405306188109648,1.0,0.0008810612376219296
matched,Bi214,2550.0,2600.0,0.03489702807444517,1.0,0.0006979405614889034
matched,Bi214,2600.0,2650.0,0.027941281461640544,1.0,0.0005588256292328109
matched,Bi214,2650.0,2700.0,0.021955553934295158,1.0,0.0004391110786859032
matched,Bi214,2700.0,2750.0,0.011971455054689994,1.0,0.00023942910109379988
matched,Bi214,2750.0,2800.0,0.0,1.0,0.0
matched,Bi214,2800.0,2850.0,0.0,1.0,0.0
matched,Bi214,2850.0,2900.0,0.0,1.0,0.0
matched,Bi214,2900.0,2950.0,0.0,1.0,0.0
matched,Bi214,2950.0,3000.0,0.0,1.0,0.0
matched,Bi214,3000.0,3050.0,0.0,1.0,0.0
matched,Bi214,3050.0,3100.0,0.0,1.0,0.0
matched,Bi214,3100.0,3150.0,0.0,1.0,0.0
matched,Bi214,3150.0,3200.0,0.0,1.0,0.0
matched,Bi214,3200.0,3250.0,0.0,1.0,0.0
matched,Bi214,3250.0,3300.0,0.0,1.0,0.0
